{
	"id": "b53d9edc670bd9cd103581d3175544ef",
	"_format": "hh-sol-build-info-1",
	"solcVersion": "0.8.7",
	"solcLongVersion": "0.8.7+commit.e28d00a7",
	"input": {
		"language": "Solidity",
		"sources": {
			"contracts/MyContract.sol": {
				"content": "// SPDX-License-Identifier: GPL-3.0\r\npragma solidity ^0.8.7;\r\n"
			}
		},
		"settings": {
			"optimizer": {
				"enabled": false,
				"runs": 200
			},
			"outputSelection": {
				"*": {
					"": [
						"ast"
					],
					"*": [
						"abi",
						"metadata",
						"devdoc",
						"userdoc",
						"storageLayout",
						"evm.legacyAssembly",
						"evm.bytecode",
						"evm.deployedBytecode",
						"evm.methodIdentifiers",
						"evm.gasEstimates",
						"evm.assembly"
					]
				}
			}
		}
	},
	"output": {
		"sources": {
			"contracts/MyContract.sol": {
				"ast": {
					"absolutePath": "contracts/MyContract.sol",
					"exportedSymbols": {},
					"id": 2,
					"license": "GPL-3.0",
					"nodeType": "SourceUnit",
					"nodes": [
						{
							"id": 1,
							"literals": [
								"solidity",
								"^",
								"0.8",
								".7"
							],
							"nodeType": "PragmaDirective",
							"src": "37:23:0"
						}
					],
					"src": "37:25:0"
				},
				"id": 0
			}
		}
	}
}